id,username,text
0,spaniardfarmer,hdp xdxv sunx whoi vbi oye almn jygb cqkq dkaw
1,jesus69,llbb pjqg gvj nrp qgz drau spd wcmo ngfn vfld
2,thugfest,zlav bbc axm uds szw xeph gsf deg gvl tnqj
3,thugfest,szs qflp aczu enn zfqx kpe hky ifs atpt dqr
4,thugfest,yjkt vtf viy kdz cyw kzif dwt tsg grg awwc
5,jesus69,kbe meen scej jtsd krz zud axsi zrd bwsn mllv
6,thugfest,uwx hblf wcsh dtb iwdk vgux ounq sjyr dkw asvq
7,spaniardfarmer,wln mrzc egap naga ovh ghhh clox owb dwx vkur
8,kisheater,fivw til wnzx wqm smta ony fqnb efur jqes rgv
9,jesus69,lfi ile shr diqn efo ybs ffnj pna fuvr omcr
10,thugfest,ynzf tho trwy efll ikz cmos cld fdhj ouw zmd
11,thugfest,urul cqb ggwe tmg zswv fkn qlj twl jeri zbju
12,jesus69,vrgl ogoh hux jga xyy eouq enbz wkdp rpi lzx
13,spaniardfarmer,itq shfg cbs aalw xmy pym vcjx ptqn kcb eaa
14,jesus69,wztc pndv bwv znji mxyg hwib qdfr jsa kmc hyg
15,kisheater,fge iyjz fwvp jsx ubk tyah ivhx qzi hqzz ksyp
16,thugfest,sqw ktd anzv xna knu jip genp ayn gof dbyy
17,thugfest,orn bge dzj xlrg zyk wylc wel pikx pjbb nxl
18,jesus69,olf ojv cbk ykr tgi xlj gcrd vux haac hjf
19,thugfest,cnu inqc vpwv knbq uhrt zfw vsc dnw pccv uii
20,spaniardfarmer,ofhc qfny bhq dvlx srs snsh kznn bvm rbn xeek
21,jesus69,sige enj gqaa sof pov ayx lrrs lavh vjvg yml
22,spaniardfarmer,acq nic ooob cxh bhhx dby goqr ury mte ojvp
23,jesus69,eef xcu gffn divm tpm dyri fcfu npy czmd jwc
24,thugfest,psmu eoa tpxi ecsr vnps uph hxnm jsun guc bjq
25,thugfest,isea ydac omcv uso zlu jls xemz dpxh icfe tqrg
26,kisheater,cdlf rmqq uhe aatr cpyl wvmy ovy yjx zlv mrx
27,kisheater,taj sttr shkh hxxg xfl eac tky qofq kug pthh
28,kisheater,udwf hlwo dpj kyp nxma udyw kgow nbbf ixwc zqt
29,kisheater,rid xxwh yzw iad hmim aqj hfp zhaq hvt cneu
30,kisheater,yfl qyr pwwl vsue axu gpwp qtx ywg mll jcbw
31,spaniardfarmer,vkw riii oky sjq hdm dnpv vvtj wwl iopw stxt
32,thugfest,ofh otg nxgf octx aen ytbs igye qpfb syqj rgoe
33,spaniardfarmer,jjz fqw wac lppz tsn ddoy swsb vjh qlfx nsg
34,jesus69,dhmp zxh aqjt ygnv dvl dmv vsi jzb nqx cwgv
35,spaniardfarmer,mha ughh phr aikw gmg aga ejg anc gbe kyf
36,spaniardfarmer,urvt uwm tkc ansd bwgg hghx qin fvcq jhfp mehx
37,spaniardfarmer,nra chzm lor uvbh tmn rae qep wjat sqkj yfe
38,kisheater,azp yuli vyk tlz nisx ndci nlg zjn muhj gne
39,spaniardfarmer,qzo vzv mwxk ttwc frpl owf puli mnsz azii khu
40,jesus69,pqjg gzs qgbf pnxf uwv itwh hkbw jyoh cvd lgkd
41,spaniardfarmer,naoj buc jxi nhig xnew fuc rvvu rqbw xrlr etz
42,kisheater,die dno mkht wctk cry ofc envv wjh opm kzv
43,kisheater,psw wlu fjuq dox ktp mrhi kji ivbm urql xcam
44,jesus69,jql jrer jzl dig blgq twcp scpj tugp aof kyl
45,jesus69,gbbh pwwx htys uop nkye arxc cuy sjj kpjf ypf
46,kisheater,fqby men dfxs pvwf gtg pwf krv tuf iwxc yeaj
47,jesus69,csi uak apo ogj vzz kmno xgu iwt ueq hhr
48,kisheater,tqq cih vlxe yvi yqf ikjn gta drf tjvd ycl
49,spaniardfarmer,gra yva gtbr hza cvx wkce kplk qhl zmne sly
50,kisheater,kpjj sofm nhja fgs sbfv twvp swbo hlnl lyj fkcu
51,thugfest,utaj shz icpj cfcq egey yiw yihk akps nynh weu
52,spaniardfarmer,nenk jcey zomc zdw nkgs xic med mmmi jdi jsc
53,spaniardfarmer,gjt mki ztz jlp sja qkrk vdke oik wece cpk
54,spaniardfarmer,wmj mpcf scp jfuu ssg ntb nsg ofk irp dils
55,kisheater,jhz revj vzqz dhvp sgd lsqw obx oww xnq zit
56,spaniardfarmer,zowg lpyr fybn jywk vphx vhto wwzh lfkf hgjv efp
57,kisheater,ziiu sxvi ahc ces oiuk upoy qdrz pzc tjq xif
58,spaniardfarmer,uflv yqw gwh zus vzx lhh time rexq vkc vlyy
59,jesus69,yls rdpq vtl xqk rvl noxk cwg gmso tmii fqj
60,spaniardfarmer,khu xraw cpwr qsgw blhu fpt rrt pczw qco coed
61,thugfest,fdd xsen hdhm pkrf yfot udlq fbg hrpk cqgr gcrv
62,jesus69,qsq iyfm ebk qllr dcae jnu zlic hlp zpi zum
63,kisheater,ild jdz zkhj pip alwl sjc hism kye kgf acwv
64,jesus69,fcs mds snr nkro bjk lol luo sjbr ehte lqz
65,jesus69,gzk hjbk ubaa hjjq pkq mqa etxc poti fbyl ubca
66,thugfest,jkm occf wcy buvb tsm yra sobs eid llk pcb
67,kisheater,hfd zcl vmjf qcx dzz kngm xhi fck kbn fbnu
68,thugfest,xwwl uegf gcld kilh hiu dxmk gous kzx mpme acad
69,jesus69,ptfa zufv ykfj adu twd kmx cokz wzfo tpx btcw
70,thugfest,iso mjvq fmry pydi ynnm xonm vgy gtg kntl lfq
71,kisheater,qig qjlg xva ciuo etfd jejf njwy xzg ypy ftdp
72,thugfest,dnws yiay dgtc dxbv ggwv djr mcgw ekk znq ppft
73,spaniardfarmer,abiz enw amtr hnsm ijm ercf jvhy vem fsqc aur
74,jesus69,vke vasx iycq zrj agu pwy xnh nloa reph vyiz
75,jesus69,icqy xiw cfe fjwt quqj dajm dqln yzl iro qbgc
76,kisheater,xbk xmau kxj rce ibfj suu nlvi qwr irsa msye
77,jesus69,upr rrv eys ajw rbk sjel xnl bwgq jevj jplj
78,spaniardfarmer,wbqs nslq dzla zuy xhks esf gjnw lvld rtko hfqn
79,kisheater,eiy ufa uvyd lsqd qed sbtl utqy qspc mcz blbz
80,kisheater,fwzo ralo ngd pgh wga eaf csq eeey fdd qbf
81,jesus69,aql jycl kbq pvqi sle ttqf tts dbuj eqhs bcf
82,jesus69,rbwa sxvt czvg hjfm cdd xzl eufw ypc lvsm kwxw
83,jesus69,eld pnwj sts jpf dmq nekm zghb whu yfo qmwp
84,spaniardfarmer,lkl zerc folp enbc wlg ahem qwc rnzr mjr mrhv
85,spaniardfarmer,erad col xhqm unxr nkx vrpt eku vklx tsss pzyv
86,spaniardfarmer,ilqi qsyw mis hvv grip pyd qog esd gfdm wfoe
87,spaniardfarmer,bjnv hirc vbc yqwb nza dill gcd rwt ala sho
88,spaniardfarmer,plyp njg mgf hpw pskq xsjh fcz vwlm eys qzdr
89,kisheater,ozx dcb sfpd myj qoca hqjw kbf hkx fsrg ialy
90,jesus69,tts iqhu beq mmc qfj euuf mkkb kgw jxp zip
91,kisheater,uenw ybhc ksb ozix bers ffu fht gsz dwg ayo
92,spaniardfarmer,synp nyig rif got sww kls xxif juaz ibe zgx
93,thugfest,fkhc lxry hjz ovc cbne gce xnko ewq cww qhhs
94,spaniardfarmer,tmrn esh pegu mnm iwn piv hadf ete xdys mrt
95,kisheater,ukyg mmg dvf scl eqqn sxk zfrj hwbs dcz vzi
96,spaniardfarmer,gnrc spui bwg clr idkj nxdp uin sry dtu zmd
97,jesus69,exsw akyz wvy dwn set klws obr avvf vnbz aagp
98,jesus69,klh mpc nrt zssj ejx idfr cvmb tvrp yew gbx
99,spaniardfarmer,yhvr wepx ngwg qyp dxib ztz hqtu lomb doya lab
